,VU,U,N,S,VS
3,0.01698476624058834,0.7240413237611627,0.1297496060234635,0.12703554543862722,0.0021887585361582912
4,0.012593538966964775,0.7143274320131411,0.137105311188173,0.13444059134878628,0.0015331264829348422
5,0.0070373614425080794,0.6976048808481078,0.16037935304599957,0.13364946087166632,0.0013289437917182638
6,0.003910802621014737,0.6640335655642174,0.1924322084380099,0.13825075755613686,0.0013726658206210665
7,0.00195782793617931,0.6355289510993092,0.22692801044174898,0.1345500371312195,0.0010351733915430835
8,0.000642793455947913,0.5748024965268418,0.2810666224314181,0.14278308831152675,0.000704999274265453
9,0.0004493647616324196,0.49906041913476856,0.3460517177989297,0.15415253891090322,0.00028595939376608524
10,0.0003146369090070059,0.4316608633636783,0.4047489197466124,0.16300289465956286,0.0002726853211394051
11,6.599498438118703e-05,0.36910994764397903,0.47327203132561924,0.1572000527959875,0.0003519732500329975
12,0.0,0.31026758833305235,0.5248922180206652,0.16450299862713458,0.00033719501914786004
13,5.413892046992583e-05,0.25004060419035246,0.5887878295706783,0.16079259379567973,0.00032483352281955497
14,0.00018602343895330811,0.2075401500589074,0.6461524152043158,0.14584237613939358,0.0002790351584299622
15,7.544038323714685e-05,0.16223454415148428,0.7054430236505601,0.13194523028176983,0.0003017615329485874
16,9.319230231582871e-05,0.115884627929733,0.7682307441405339,0.11569824332510134,9.319230231582871e-05
17,0.0,0.07787246547164267,0.8229797237731413,0.09908903908316191,5.877167205406994e-05
18,0.0,0.05539750276592382,0.8602813339655445,0.08416311047889995,0.000158052789631737
19,0.0,0.03639846743295019,0.9001577642551274,0.06333107955826009,0.0001126887536623845
20,0.0,0.026307692307692306,0.9232307692307692,0.05046153846153846,0.0
21,0.0,0.020815450643776823,0.9506437768240343,0.02854077253218884,0.0
22,0.0,0.010008831321754489,0.9752722990874301,0.014718869590815425,0.0
23,0.0,0.006516072980017376,0.9791485664639444,0.014335360556038228,0.0
24,0.0,0.0013468013468013469,0.9892255892255892,0.009427609427609427,0.0
25,0.0,0.0,0.9961315280464217,0.0038684719535783366,0.0
