P,A,k
0.0029694797874053793,7.891049368067374,2.2526387962529033
0.0029057282439469588,8.088291166038703,2.220413322790717
0.0028570757502550063,8.077077080932176,2.1645469673352937
0.0028889515219842165,7.995458959227298,2.2072682369383876
0.0028302329951146185,7.8179884665729755,2.24329830409397
0.00294599237665754,7.80990185114882,2.199434816855278
0.002892306866376765,7.965305511210062,2.261890487554177
0.002868819455628926,7.942205940597851,2.333673674111619
0.0029124389327320555,8.02787944958174,2.2312997120099514
0.0029057282439469588,7.780909413520722,2.239030904849956
0.0030550410694153646,7.86601900859693,2.236609721981104
0.002907405916143233,7.92871529291619,2.255323800583216
0.002922504965909701,7.9449880847790695,2.1674627605380765
0.003034909003060074,7.928739275819049,2.1756511069858084
0.0030550410694153646,8.359691747323156,2.189321029676292
0.002951025393246363,7.981182395339225,2.179626252829456
0.0030315536586675257,7.9548387348560015,2.156274852002101
0.0029543807376389113,7.908624570786485,2.1673836437056875
0.0028805631610028452,7.944292203761332,2.189001530736118
0.002853720405862458,7.83259637781534,2.1595399371009076
0.0027849358458152144,8.06224589413331,2.1955048215978312
0.003050008052826542,8.003120753454377,2.1464517342446303
0.003041619691845171,8.030974192374496,2.1452909280307106
0.0029543807376389113,7.966639974107521,2.105088888569145
0.002974512803994202,8.050302899926033,2.1770506956309514
0.0031590567455843667,7.987539547760495,2.2370728827735893
0.0030516857250228163,7.923378672390581,2.2425804242870813
0.0028302329951146185,7.975339702865655,2.2378387977480654
0.002920827293713427,7.958140261263605,2.3262451776494237
0.0030382643474526224,7.926123584846976,2.3393996592295445
0.0029124389327320555,7.851600167989222,2.366187695289611
0.0030080662479196863,7.777558355265934,2.3656861626457966
0.002967802115209105,7.728818489312081,2.3658082876365745
0.0029728351317979277,7.639858437775285,2.3427930042071097
0.003026520642078703,7.798554697458738,2.3650785580733777
0.003182544156332206,7.812992518966173,2.3727488298284536
0.0030969828743222204,7.949663120497513,2.3964707188708902
0.003004710903527138,8.015889189625494,2.3753986107056697
0.003182544156332206,7.924552716103349,2.3371775696880848
0.0031489907124067212,8.227424496383525,2.4404042081358477
0.0031724781231545606,7.977756527450325,2.366345915218075
0.003189254845117303,8.307453625163513,2.477452840461608
0.0031003382187147687,8.279232121791559,2.4246455861873706
0.0032664277661459172,8.204737965816012,2.462985893285943
0.0032681054383421914,8.2990069816977,2.4789638613766467
0.0033570220647447255,8.342695503950148,2.4868787782406847
0.0033704434423149194,8.459142647270307,2.5140609115773764
0.0033134025876415956,8.352264780892172,2.5815044534377796
0.0035365329897460674,8.42899095177495,2.466492791290031
0.00339057550867021,8.673096602437564,2.6039828752113685
0.0034241289525956944,8.607372180549381,2.461186234125285
0.0032311966500241586,8.500071200824062,2.43779635583131
0.0033704434423149194,8.724703333117397,2.4456058690896723
0.0035298223009609707,8.730905869874313,2.5208682957862587
0.00350969023460568,8.863154033951146,2.5409250078088803
0.003407352230632952,8.719792766614532,2.5054218118568587
0.0034962688570354863,8.852588098558918,2.543543700224499
0.0033670880979223706,8.815199281348473,2.4874661996736944
0.003464393085306276,8.886638312018087,2.4381091393092156
0.003449294035539808,8.94047576339233,2.5408359311907227
0.003398963869651581,9.067691499153044,2.5014510638513534
0.0035734417780641007,8.91776705734704,2.5899776151085696
0.0035281446287646965,9.185077851622928,2.6125662122499986
0.003501301873624309,8.85431505594404,2.4963606010351174
0.0034526493799323563,8.96281920196422,2.5525018643040616
0.0034241289525956944,8.925114698235097,2.5536777734851
0.0033654104257260964,9.121677371841624,2.5793515835671976
0.0033134025876415956,8.972059572943891,2.6002374454008597
0.0033553443925484513,9.165078407632944,2.5969290405370775
0.0033436006871745316,9.165928785210012,2.6203549052670563
0.003403996886240404,9.09676878972386,2.5443661017965544
0.003236229666612981,9.1927019050635,2.5561977806755536
0.003301658882267676,9.195117632317928,2.5777438543634417
0.003133891662640253,9.417544300850551,2.532304736708555
0.003291592849090031,9.232943534228598,2.537456879560761
0.003123825629462608,9.185469399097213,2.516777873128514
0.003291592849090031,9.018721244685773,2.4653562987621416
0.002966124443012831,9.07605404849796,2.571742283570767
0.0030147769367047834,8.984054384604686,2.454003389400641
0.0028453320448810866,9.08142709990178,2.5452348057155527
0.0028470097170773608,8.985164778852797,2.5735235447588103
0.0027077629247866,8.82547231815399,2.4565949597280063
0.0026574327588983733,8.931412527996363,2.5114135128712114
0.002550061738336823,8.815011308668016,2.4324920524073432
0.0026054249208138725,8.838385055392605,2.378235966713143
0.002536640360766629,8.800422763505388,2.407341570395224
0.002499731572448596,8.742502546705017,2.364838424016512
0.0024359800289901756,8.771656654309218,2.424416234921551
0.002372228485531755,8.609010263352708,2.3669649422865264
0.0022363370376335427,8.437078432642604,2.3902810785722783
0.0021356767058570893,8.370075781144548,2.3597038829077355
0.0021356767058570893,8.318051019290916,2.493081199671777
0.0021625194609974766,8.38438584611127,2.425677073611226
0.001984686208192409,8.103319495149659,2.3703338707897585
0.0019125463037526172,8.079770474069282,2.3964145529630145
0.0019142239759488914,7.996845983104675,2.4035710025355
0.0019125463037526172,8.135455416180807,2.385577707438273
0.0019460997476781017,7.795640952821233,2.3390570753711892
0.0018571831212755678,7.877088158623188,2.377336188026511
0.001880670532023407,8.0322209693399,2.2791617773278823
0.0018555054490792934,8.035652328479836,2.322279304874949
0.0019008025983786976,8.121586280710954,2.4348869379174083
0.001681027540666774,7.9926150889013865,2.408596264511194
0.0016793498684704998,7.983141492004965,2.336584844969351
0.0017598781338916626,8.129583377762833,2.499285937972392
0.001687738229451871,7.825064954497106,2.3772246928259757
0.0017078702958071615,8.113728479539885,2.471923580484296
0.001637408063563644,8.135010472015672,2.3764343178886222
0.0016424410801524668,8.147086654723287,2.3589022359101994
0.0015887555698716916,7.979394870530516,2.3126469427361678
0.0015870778976754174,8.147455571344505,2.366932264062506
0.0016072099640307082,8.13614636544517,2.315033953503556
0.0016273420303859988,8.090444962086837,2.4195328794202275
0.0015803672088903205,8.077190491194619,2.3353746733461764
0.0015887555698716916,8.050226184996985,2.4607249561719535
0.0015736565201052235,7.959894610630831,2.328393988669073
0.0016072099640307082,8.13055860738269,2.3901941447252595
0.0014528641219734794,7.832903913371199,2.2483822411341565
0.001540103076179739,7.901475682738256,2.2720525665921985
0.0014662854995436733,7.994252505446386,2.2807579322018388
0.0014746738605250444,8.296628854390525,2.203621037265033
0.0014226660224405433,8.135537526816512,2.270581250674453
0.0013958232673001558,7.991461126334173,2.1971993053660333
0.0014394427444032855,8.041435093643129,2.2712708330438947
0.001494805926880335,8.131777178484413,2.2345573783610857
0.0015132603210393516,8.089491354629118,2.3401549403092035
0.0014562194663660277,8.163378398498892,2.301626323134147
0.0014260213668330917,8.167392021914274,2.215821460223878
0.0015048719600579805,8.282777818429762,2.3474091815628473
0.0014142776614591722,8.279464346376487,2.268313985369081
0.0014780292049175927,8.211791416775652,2.275639647190058
0.0014595748107585763,8.050521650745129,2.248827516950727
0.0013404600848231061,8.12294285790155,2.2182363712995206
0.0014394427444032855,8.378696140680042,2.201271971315024
0.001419310678047995,8.447908008818706,2.323588255649001
0.001404211628281527,8.392901122297301,2.2204701829949545
0.0014478311053846566,8.331089757503872,2.145806929892695
0.0013152950018789928,8.62805934123646,2.0946143518483344
0.0013991786116927041,8.54202781660449,2.1372684918705156
0.0014025339560852525,8.558073917103753,2.260750861701854
0.0014142776614591722,8.846019277681354,2.1211066213130834
0.0013505261180007516,8.802477019958374,2.2587815097464836
0.0013706581843560422,8.85213195641851,2.1693522275939654
0.001382401889729962,9.128005750258419,2.2745732305419386
0.0015115826488430772,9.015668152295634,2.2152692165349954
0.0014092446448703494,9.270720075969626,2.275799393240106
0.0014696408439362216,8.84757698461866,2.1589545631333573
0.001427699039029366,8.854553804276664,2.1572179787298253
0.00147299618832877,9.206792439780827,2.186868398149871
0.0014612524829548505,9.083681120326869,2.100287811163652
0.0014327320556181886,9.283668063670786,2.1703612907087577
0.0014327320556181886,9.226635445441698,2.1126582961365017
0.001384079561926236,9.401487457493136,2.094208457495993
0.0014612524829548505,9.45916281887366,2.0946394552444096
0.0014293767112256402,9.279214777240988,2.0420065451353433
0.001518293337628174,9.220957841567142,2.031448343923195
0.001405889300477801,9.117661537421176,2.0610045666043653
0.0014075669726740753,9.409804481010104,2.057804559662403
0.001390790250711333,9.19784619924097,1.9700276123882219
0.0013941455951038814,9.34014926067164,1.9933716691255572
0.0014864175658989638,9.385692627653093,2.029048113042952
0.0014109223170666238,9.46921550652247,2.009733681071519
0.0013857572341225103,9.348361094760516,2.026854941525548
0.0014226660224405433,9.295805477091976,2.003270040679045
0.0014545417941697536,9.264559149869894,2.0767957075201013
0.0013790465453374133,9.648784944934139,2.063725786364317
0.001419310678047995,9.196245383582783,1.9869020823775083
0.0014696408439362216,9.558319825490866,1.9768399715564184
0.0014092446448703494,9.134641069787838,1.9713134437572264
0.0014159553336554464,9.251012956073557,1.9364269845812063
0.0014780292049175927,9.360959107854496,2.0629483642761848
0.0014713185161324958,9.222763039993875,1.936519998208661
0.001442798088795834,9.81874369747178,2.001579000963848
0.0014746738605250444,9.610085659692473,1.9769945605797605
0.0014914505824877866,9.49313736174822,1.9760877131963253
0.0014109223170666238,9.528620458520807,1.9365578680353674
0.0013253610350566383,9.79792816243641,2.0177427524922877
0.0015149379932356257,9.639548048865839,1.9921346715553427
0.001518293337628174,9.25684709054232,1.9377156509212057
0.0015115826488430772,9.46872132011748,1.9908004042587082
0.0015484914371611102,9.592374650981261,2.0345814637953
0.001509904976646803,9.47995412428666,1.9947704695183148
0.0014646078273473989,9.739795322036509,2.0601235456508227
0.0014444757609921083,9.215953795176372,2.006723937498949
0.0014595748107585763,9.573922016524495,2.0590504121092232
0.001568623503516401,9.14652829658329,1.9142812694582834
0.0014679631717399474,9.462258188369447,1.9277290430067229
0.001525004026413271,9.335091672585264,1.9328889713085518
0.0015065496322542546,9.825971818215825,1.964436080465928
0.001509904976646803,9.565229183801824,1.913029227107334
0.0015132603210393516,9.55282463235184,1.9076906620118892
0.0015216486820207227,9.292961216456948,1.861488719309516
0.001540103076179739,9.17097269439117,1.911579388972217
0.0015602351425350299,9.049849809854265,1.9404042038504676
0.0014646078273473989,9.051397112712332,1.8909414839134677
0.0015367477317871907,9.196461005708938,1.9576684471815606
0.00147299618832877,9.152474833485808,2.0168927169653506
0.0015820448810865946,8.914199910910027,1.941592205729431
0.0014411204165995597,9.180168420496377,1.939659876192962
0.0015719788479089494,9.229749576255701,1.8960622341985827
0.001540103076179739,9.320004443859125,2.0257890589947554
0.001659217802115209,9.02802797633608,1.9261756738695077
0.001702837279218339,9.282114975329318,1.9603036881649198
0.0016340527191710957,9.348657889397364,1.9038737422002667
0.0017565227894991142,9.432264365608818,1.913863018786876
0.0018118859719761637,9.426968434427724,1.910637083957832
0.001733035378751275,9.781472329268837,1.8901876866407203
0.0017682664948730337,9.64391823887727,1.9038840411219746
0.0017951092500134215,9.618882062448426,1.9137036657841036
0.0017967869222096956,10.235057863406565,2.0034147418110364
0.0019209346647339883,9.696313239505617,1.909942323851572
0.0020568261126322008,9.794114962016167,1.9644008693705326
0.002087024212165137,9.787763390185255,1.8906382112560396
0.002038371718473184,10.132987261950143,1.9905085609379927
0.002209494282493155,10.160116710007214,1.9845757612850765
0.0022665351371664788,10.059727546394308,1.9941836787950022
0.0022782788425403985,10.044283963979092,1.995994816916384
0.0022212379878670746,10.032998102269179,1.9610058909794623
0.0023067992698770604,10.511150169480134,2.0044333887045074
0.0025014092446448703,10.459058849213605,2.0644971065162325
0.002536640360766629,10.66405261003869,2.0655921774635315
0.002610457937402695,10.382430196942963,2.0370019135501747
0.0026809201696462123,10.414464518248769,2.0357063458711475
0.002753060074086004,10.600431119754003,2.1173662593014204
0.0029174719493208785,10.948226313874605,2.1323884807144826
0.0028168116175444247,10.75640045849447,2.065317350042925
0.002994644870349493,10.674465984086089,2.1096130858613953
0.0031053712353035917,10.593934816944591,2.1252885212525716
0.0031875771729210287,10.699763200853836,2.112961565655555
0.0030852391689483007,10.880573906595474,2.1398582444247105
0.0030969828743222204,10.920644558538521,2.107939544631006
0.0032026762226874967,11.131088155021466,2.1167323495768597
0.003197643206098674,10.918997934088042,2.0900586659411564
0.0032999812100714017,10.808195145089796,2.177019217752947
0.0034912358404466633,11.17266120768069,2.1670463029672993
0.003415740591614323,10.788577554161481,2.174450246583594
0.003472781446287647,10.918055008227489,2.1744989848566867
0.0035566650561013585,10.836877043675116,2.1759664448786094
0.003717721586943684,10.969142082359614,2.1860580090473687
0.0038116712299350406,10.985308374351007,2.151510529641942
0.00374791968647662,11.21143105355562,2.0952910671952414
0.00393078595587051,11.142926001973926,2.1151153125559237
0.00391065388951522,10.89532055665054,2.083666463155501
0.003897232511945026,11.289236962101528,2.2530565594178045
0.00412539593063832,11.105945924137409,2.1444553198426517
0.004174048424330274,11.325641785224121,2.1368909437132073
0.004221023245825952,11.101303985090283,2.1360970200166935
0.004314972888817308,11.145437907111763,2.161878808192551
0.004316650561013583,11.070701623265377,2.172227643350689
0.004316650561013583,11.122849698937289,2.220009999562311
0.00434349331615397,11.148914822327516,2.1263437684742654
0.0043082622000322115,11.216395638230596,2.2205245952674137
0.004496161486014925,11.004716059277609,2.1291496152681386
0.0044407983035378755,11.118901044889917,2.131252767466748
0.004313295216621034,11.077625456229852,2.1455404705134025
0.004429054598163956,10.97422473613814,2.127042817326961
0.0045129382079776665,11.187640710994183,2.1002390597600673
0.004561590701669619,10.966204250633584,2.0955830241834064
0.004526359585547861,10.987749412752695,2.1385136893450354
0.004422343909378858,11.151659584145245,2.097133914014337
0.004591788801202555,10.868965397333069,2.09793306658723
0.004476029419659634,11.083205151019811,2.074438004341109
0.004561590701669619,10.932275980926324,2.0828706002141986
0.00456997906265099,10.974656533448066,2.134498439616804
0.0047528453320448815,11.163466823877366,2.0829702619419943
0.004633730606109411,10.954631911169654,2.085880272813744
0.0047276802491007675,11.295505637661941,2.1615409815646167
0.004559913029473345,11.00651798610486,2.067814625953952
0.0045028721748000215,10.982031614116364,2.0841965378585243
0.004526359585547861,11.003516841766519,2.0705902556004956
0.004476029419659634,11.061779973453712,2.0791074977198516
0.004544813979706877,10.756080596834682,2.032204378491981
0.004427376925967681,10.92058220040108,2.1149598047221296
0.004481062436248457,10.633580805694683,2.007090391329009
0.00443073227036023,10.742265647829447,2.102893828501951
0.004402211843023568,10.589211801558754,2.080994301834873
0.004521326568959038,10.491480732190187,2.1122158995724
0.004539780963118054,10.41957314243224,2.0210808885251805
0.00447435174746336,10.183091543120394,2.0962478281700663
0.004257932034143984,10.245310186986769,2.0062555854344857
0.004276386428303001,10.173293427223545,2.034934148399273
0.004138817308208515,10.207372296221584,2.0878840799687555
0.004266320395125356,9.975734550038075,2.0139643081824636
0.004066677403768723,10.036630122227503,2.024245199384134
0.004095197831105384,10.039157474261328,2.036354322498088
0.004157271702367531,10.117484096389838,1.9839259872866728
0.00402976861545069,10.199663191611597,1.9836783308247625
0.003907298545122671,10.153155939735619,2.0163742612742555
0.0038368363128791537,9.98747553715181,2.026293996311648
0.003971050088581092,9.809742588317572,1.9870648917868017
0.0038804557899822837,9.660094427690554,2.0024231657768783
0.003875422773393461,9.760483352367068,1.9507761160581614
0.004068355075964997,9.900640444773549,2.0343286357087047
0.003957628711010898,9.748194088107184,2.0032653096729596
0.0038703897568046386,9.838938142625446,2.036589723313671
0.003882133462178558,9.57555377158387,2.0248150411423618
0.003934141300263059,9.699788872842948,2.0161660776155124
0.003831803296290331,9.577792246701641,2.010293864622856
0.0038049605411499435,9.582795798738404,1.9903051012511286
0.003932463628066785,9.540215298527187,2.0510629149946262
0.0037680517528319107,9.439178889541115,2.0218887843513644
0.0038200595909164115,9.47245539473769,1.9990587791628607
0.003828447951897783,9.441884530899394,2.0493632284652086
0.00367242443764428,9.347632245736328,2.07537990033849
0.003940851989048156,9.071403947657354,2.0010254187984913
0.003727787620121329,9.244238116212081,2.0219563068290456
0.0037747624416170074,9.238461644803149,2.0598189055054816
0.0034711037740913727,8.886364675755749,2.021444780265175
0.003586863155634294,8.836541468193342,1.9823611463649438
0.0036086728941858593,9.010688426093315,2.0331016618647375
0.00346607075750255,9.23062045103904,2.067492855549723
0.0036539700434852634,8.945487061482392,2.0026028035364787
0.0036120282385784077,8.946649325589746,2.0583884865215407
0.0035499543673162613,9.077841420855952,2.0094888267203683
0.0035348553175497933,8.93134996847002,1.9557117968415438
0.003546599022923713,8.894162550878626,2.1151356363918956
0.0036388709937187954,8.687807550277478,2.003069781698813
0.0033721211145111936,8.69882802997225,2.043011460257462
0.0034862028238578408,8.645094829050748,1.9355201214504518
0.003435872657969614,8.249121989098322,2.056089824163716
0.00339057550867021,8.387027580604574,2.096048860351392
0.003291592849090031,8.56136875118438,2.032069532336626
0.003316757932034144,8.53525327681246,1.9556926633114435
0.0033654104257260964,8.412303441725896,2.1069158212582253
0.003310047243249047,8.500284580117139,2.0142669194622997
0.0032832044881086595,8.588124280343102,2.0601398459347586
0.00334695603156708,8.333378724601168,2.1160563864426294
0.0031255033016588823,8.396614207512249,2.025270671269043
0.0032093869114725934,8.394360790022803,2.1532313580397204
0.003192610189509851,8.045681681172526,2.151730456077051
0.003206031567080045,8.336407970781245,2.181375228824957
0.0030701401191818327,8.397179257926883,2.1815993714490984
0.002966124443012831,8.362301834945333,2.1716045214173616
0.003063429430396736,8.253173277194891,2.202908089908606
0.003160734417780641,8.158334865506879,2.1439545603061823
0.003182544156332206,8.233312243210666,2.1659080831518054
0.003130536318247705,8.189171806058681,2.197017225639241
0.003130536318247705,8.284405294674327,2.13801361711707
0.003138924679229076,8.10931737017152,2.2136147496482756
0.0032530063885757234,8.167410283856366,2.116343437936035
0.0030516857250228163,8.091272584295506,2.1482470544620575
0.0029845788371718474,8.1400821992226,2.1276175289140054
0.0029292156546947977,7.987972659669786,2.200253005759691
0.0030332313308638,7.949227799416947,2.118405200069743
0.0030382643474526224,7.86953359053709,2.1871378801792263
0.0029694797874053793,7.935068766180781,2.1718237157669376
0.0028017125677779566,7.7158998905130955,2.1843908904903566
0.002920827293713427,7.68349011746295,2.1911824817541525
0.0029443147044612658,7.804857645653487,2.2232252871346936
0.0029879341815643957,7.680860500150726,2.1662892072670403
0.0028973398829655874,7.736081267749513,2.162047763790444
0.0030013555591345896,7.947336705636594,2.20540678583241
0.0029292156546947977,7.925097842820764,2.253334824134367
0.0030567187416116392,7.715747399110115,2.2821994136633945
0.0030550410694153646,7.861441147614972,2.253561538434291
0.002982901164975573,7.690486535353071,2.253540281868969
0.002840299028292264,7.762125923506303,2.323274522644926
0.003026520642078703,7.846156776704678,2.1415978336493793
0.0029845788371718474,7.738335253958887,2.205128100795095
0.002996322542545767,7.770103246686627,2.1641275309056143
